{"cameraMode":{"drawMode":0,"name":"Shaded","section":"Shading Mode"},"sceneLighting":true,"audioPlay":false,"sceneViewState":{"showFog":true,"showMaterialUpdate":false,"showSkybox":true,"showFlares":true,"showImageEffects":true,"showParticleSystems":true},"in2DMode":false,"pivot":{"x":-11.742597579956055,"y":-7.106128215789795,"z":21.892127990722658},"rotation":{"x":0.4881417751312256,"y":-0.0647810623049736,"z":0.03639008104801178,"w":0.8696216940879822},"size":14.2210054397583,"orthographic":false}